Program Time [s],data 0
2173.25,1785
2173.25,1847
2173.25,1811
2173.25,1753
2173.25,1750
2173.32,1801
2173.32,1821
2173.32,1773
2173.32,1659
2173.32,1579
2173.32,1591
2173.32,1695
2173.32,1779
2173.32,1849
2173.32,1917
2173.38,1337
2173.38,1321
2173.38,1481
2173.38,1676
2173.38,1769
2173.38,1773
2173.38,1827
2173.38,2035
2173.38,2377
2173.38,2533
2173.38,2315
2173.45,1909
2173.45,1613
2173.45,1478
2173.45,1479
2173.45,1499
2173.45,1553
2173.45,1661
2173.45,1849
2173.45,2040
2173.45,2131
2173.45,2117
2173.51,2137
2173.51,2233
2173.51,2187
2173.51,1993
2173.51,1802
2173.51,1775
2173.51,1829
2173.51,1835
2173.51,1800
2173.51,983
2173.59,1197
2173.59,1453
2173.59,1645
2173.59,1749
2173.59,1821
2173.59,1942
2173.59,2119
2173.59,2253
2173.59,2276
2173.59,2187
2173.66,2044
2173.66,1803
2173.66,1573
2173.66,1589
2173.66,1819
2173.66,1963
2173.66,1897
2173.66,1739
2173.66,1655
2173.66,1737
2173.66,1885
2173.72,2066
2173.72,2213
2173.72,2260
2173.72,2175
2173.72,2159
2173.72,2201
2173.72,2190
2173.72,2065
2173.72,1910
2173.72,1867
2173.72,1917
2173.79,1965
2173.79,1943
2173.79,1897
2173.79,1930
2173.79,2065
2173.79,2184
2173.79,2211
2173.79,2189
2173.79,2212
2173.79,2301
2173.86,2110
2173.86,2044
2173.86,2020
2173.86,2009
2173.86,1981
2173.86,2023
2173.86,2136
2173.86,2197
2173.86,2083
2173.86,1848
2173.86,1620
2173.92,1551
2173.92,1599
2173.92,1707
2173.92,1831
2173.92,1933
2173.92,2011
2173.92,2063
2173.92,2053
2173.92,1961
2173.92,1863
2173.92,1797
2173.99,1790
2173.99,1855
2173.99,1919
2173.99,1879
2173.99,1734
2173.99,1564
2173.99,1486
2173.99,1529
2173.99,1613
2173.99,1455
2174.07,1877
2174.07,2140
2174.07,2439
2174.07,2458
2174.07,2174
2174.07,1860
2174.07,1673
2174.07,1563
2174.07,1485
2174.07,1479
2174.13,1568
2174.13,1691
2174.13,1768
2174.13,1735
2174.13,1740
2174.13,1939
2174.13,2223
2174.13,2360
2174.13,2197
2174.13,1868
2174.13,1635
2174.2,1623
2174.2,1708
2174.2,1753
2174.2,1745
2174.2,1704
2174.2,1671
2174.2,1670
2174.2,1677
2174.2,1747
2174.2,1941
2174.2,2187
2174.27,2335
2174.27,2281
2174.27,2093
2174.27,1935
2174.27,1878
2174.27,1885
2174.27,1817
2174.27,1677
2174.27,1613
2174.27,1671
2174.33,2041
2174.33,1990
2174.33,1861
2174.33,1689
2174.33,1577
2174.33,1575
2174.33,1671
2174.33,1787
2174.33,1837
2174.33,1838
2174.33,1811
2174.4,1799
2174.4,1819
2174.4,1883
2174.4,1927
2174.4,1939
2174.4,2037
2174.4,2255
2174.4,2487
2174.4,2669
2174.4,2789
2174.4,2463
2174.47,1747
2174.47,1165
2174.47,902
2174.47,809
2174.47,845
2174.47,1012
2174.47,1146
2174.47,1249
2174.47,1396
2174.47,1619
2174.47,1903
2174.54,2153
2174.54,2011
2174.54,1933
2174.54,1931
2174.54,2012
2174.54,2099
2174.54,2117
2174.54,2099
2174.54,2083
2174.54,2099
2174.61,2135
2174.61,2163
2174.61,2167
2174.61,2119
2174.61,2022
2174.61,1944
2174.61,1925
2174.61,1973
2174.61,2005
2174.61,1955
2174.61,1891
2174.68,1915
2174.68,1990
2174.68,2025
2174.68,1944
2174.68,1834
2174.68,1773
2174.68,1735
2174.68,1717
2174.68,1741
2174.68,1753
2174.68,1739
2174.74,1721
2174.74,1735
2174.74,1805
2174.74,1963
2174.74,2119
2174.74,2104
2174.74,1941
2174.74,1780
2174.74,1733
2174.74,1689
2174.81,2015
2174.81,1977
2174.81,1893
2174.81,1819
2174.81,1780
2174.81,1746
2174.81,1724
2174.81,1702
2174.81,1614
2174.81,1579
2174.81,1629
2174.88,1707
2174.88,1829
2174.88,1949
2174.88,1981
2174.88,1996
2174.88,2075
2174.88,2133
2174.88,2079
2174.88,1907
2174.88,1711
2174.88,1627
2174.94,1630
2174.94,1623
2174.94,1584
2174.94,1591
2174.94,1673
2174.94,1752
2174.94,1779
2174.94,1797
2174.94,1820
2174.94,1717
2175.02,1884
2175.02,1788
2175.02,1815
2175.02,1835
2175.02,1807
2175.02,1800
2175.02,1874
2175.02,1998
2175.02,2059
2175.02,2005
2175.08,1919
2175.08,1919
2175.08,1951
2175.08,1955
2175.08,1961
2175.08,2009
2175.08,2024
2175.08,1957
2175.08,1816
2175.08,1717
2175.08,1709
2175.15,1736
2175.15,1747
2175.15,1743
2175.15,1757
2175.15,1773
2175.15,1751
2175.15,1747
2175.15,1823
2175.15,1949
2175.15,2025
2175.15,2070
2175.22,2169
2175.22,2407
2175.22,2712
2175.22,2870
2175.22,2360
2175.22,1497
2175.22,878
2175.22,701
2175.22,813
2175.22,1055
2175.22,2221
2175.28,2191
2175.28,1983
2175.28,1843
2175.28,1817
2175.28,1813
2175.28,1773
2175.29,1719
2175.29,1735
2175.29,1757
2175.29,1805
2175.35,1892
2175.35,1992
2175.35,2015
2175.35,1976
2175.35,1940
2175.35,1983
2175.35,2067
2175.35,2111
2175.35,2103
2175.35,2057
2175.35,2040
2175.42,2071
2175.42,2014
2175.42,1933
2175.42,1927
2175.42,1955
2175.42,1931
2175.42,1902
2175.42,1875
2175.42,1867
2175.42,1891
2175.42,1721
2175.5,1748
2175.5,1775
2175.5,1769
2175.5,1710
2175.5,1653
2175.5,1636
2175.5,1674
2175.5,1723
2175.5,1767
2175.5,1813
2175.56,1847
2175.56,1894
2175.56,1963
2175.56,1995
2175.56,1971
2175.56,1883
2175.56,1780
2175.56,1739
2175.56,1820
2175.56,1897
2175.56,1855
2175.63,1703
2175.63,1623
2175.63,1635
2175.63,1683
2175.63,1703
2175.63,1733
2175.63,1807
2175.63,1867
2175.63,1927
2175.63,2038
2175.63,2131
2175.7,2095
2175.7,1958
2175.7,1805
2175.7,1657
2175.7,1528
2175.7,1449
2175.7,1490
2175.7,1619
2175.7,1716
2175.7,1767
2175.76,1596
2175.76,1483
2175.76,1515
2175.76,1612
2175.76,1647
2175.76,1653
2175.76,1692
2175.76,1771
2175.76,1865
2175.76,1911
2175.76,1943
2175.83,2031
2175.83,2163
2175.83,2221
2175.83,2107
2175.83,1868
2175.83,1700
2175.83,1648
2175.83,1643
2175.83,1653
2175.83,1693
2175.83,1823
2175.89,1993
2175.89,2095
2175.89,2031
2175.89,1949
2175.89,1951
2175.89,2056
2175.89,2156
2175.89,2163
2175.89,2065
2175.89,715
2175.97,1865
2175.97,1861
2175.97,1829
2175.97,1827
2175.97,1909
2175.97,1997
2175.97,1991
2175.97,1913
2175.97,1821
2175.97,1811
2176.04,1862
2176.04,1876
2176.04,1839
2176.04,1807
2176.04,1833
2176.04,1918
2176.04,2005
2176.04,2045
2176.04,2055
2176.04,2075
2176.04,2079
2176.1,2028
2176.1,1903
2176.1,1781
2176.1,1804
2176.1,1913
2176.1,1978
2176.1,1987
2176.1,1991
2176.1,1993
2176.1,2007
2176.1,1993
2176.17,2006
2176.17,2059
2176.17,2075
2176.17,2085
2176.17,2077
2176.17,2094
2176.17,2153
2176.17,2215
2176.17,2187
2176.17,2089
2176.24,2069
2176.24,2141
2176.24,2159
2176.24,2165
2176.24,2125
2176.24,2029
2176.24,1892
2176.24,1725
2176.24,1637
2176.24,1639
2176.24,1707
2176.3,1757
2176.3,1743
2176.3,1711
2176.3,1737
2176.3,1833
2176.3,1919
2176.3,1941
2176.3,1919
2176.3,1951
2176.3,1963
2176.3,1909
2176.37,1811
2176.37,1753
2176.37,1811
2176.37,1875
2176.37,1863
2176.37,1787
2176.37,1705
2176.37,1683
2176.37,1692
2176.37,1578
2176.45,1893
2176.45,1930
2176.45,1919
2176.45,1896
2176.45,1848
2176.45,1785
2176.45,1752
2176.45,1736
2176.45,1719
2176.45,1712
2176.51,1774
2176.51,1903
2176.51,2011
2176.51,2041
2176.51,2043
2176.51,2079
2176.51,2104
2176.51,2093
2176.51,2117
2176.51,2104
2176.51,2003
2176.58,1835
2176.58,1701
2176.58,1653
2176.58,1705
2176.58,1785
2176.58,1831
2176.58,1823
2176.58,1784
2176.58,1721
2176.58,1710
2176.58,1780
2176.65,1879
2176.65,1956
2176.65,1959
2176.65,1893
2176.65,1804
2176.65,1709
2176.65,1677
2176.65,1767
2176.65,1885
2176.65,1961
2176.71,676
2176.71,751
2176.71,960
2176.71,1157
2176.71,1311
2176.71,1553
2176.71,1781
2176.71,1899
2176.71,1880
2176.71,1807
2176.71,1717
2176.78,1705
2176.78,1757
2176.78,1798
2176.78,1741
2176.78,1673
2176.78,1636
2176.78,1673
2176.78,1745
2176.78,1811
2176.78,1871
2176.78,1939
2176.85,2024
2176.85,2135
2176.85,2270
2176.85,2373
2176.85,2327
2176.85,2185
2176.85,2023
2176.85,1879
2176.85,1788
2176.85,1763
2176.85,2269
2176.92,1763
2176.92,1829
2176.92,1862
2176.92,1855
2176.92,1892
2176.92,1973
2176.92,2022
2176.92,1977
2176.92,1895
2176.92,1863
2176.99,1815
2176.99,1725
2176.99,1656
2176.99,1657
2176.99,1700
2176.99,1765
2176.99,1811
2176.99,1837
2176.99,1861
2176.99,1866
2176.99,1837
2177.06,1797
2177.06,1787
2177.06,1807
2177.06,1817
2177.06,1824
2177.06,1861
2177.06,1895
2177.06,1912
2177.06,1930
2177.06,1939
2177.06,1947
2177.12,1983
2177.12,2002
2177.12,1989
2177.12,1955
2177.12,1885
2177.12,1797
2177.12,1685
2177.12,1635
2177.12,1657
2177.12,1721
2177.19,1894
2177.19,1899
2177.19,1911
2177.19,1939
2177.19,1979
2177.19,1992
2177.19,1947
2177.19,1901
2177.19,1890
2177.19,1847
2177.19,1776
2177.26,1725
2177.26,1742
2177.26,1804
2177.26,1839
2177.26,1865
2177.26,1912
2177.26,1963
2177.26,1967
2177.26,1965
2177.26,1991
2177.26,2027
2177.32,2043
2177.32,2041
2177.32,2041
2177.32,2045
2177.32,2078
2177.32,2095
2177.32,2021
2177.32,1865
2177.32,1704
2177.32,1337
2177.4,2035
2177.4,1945
2177.4,1838
2177.4,1789
2177.4,1749
2177.4,1709
2177.4,1704
2177.4,1733
2177.4,1770
2177.4,1804
2177.46,1835
2177.46,1875
2177.46,1917
2177.46,1950
2177.46,1975
2177.46,2008
2177.46,2057
2177.46,2103
2177.46,2152
2177.46,2183
2177.46,2215
2177.53,2261
2177.53,2207
2177.53,2099
2177.53,1974
2177.53,1886
2177.53,1851
2177.53,1865
2177.53,1925
2177.53,1991
2177.53,2017
2177.53,2029
2177.6,2066
2177.6,2104
2177.6,2131
2177.6,2139
2177.6,2169
2177.6,2219
2177.6,2283
2177.6,2340
2177.6,2376
2177.6,2316
2177.66,1816
2177.66,1801
2177.66,1811
2177.66,1840
2177.66,1903
2177.66,1965
2177.66,1973
2177.66,1919
2177.66,1870
2177.66,1873
2177.66,1918
2177.73,1958
2177.73,1931
2177.73,1863
2177.73,1787
2177.73,1745
2177.73,1719
2177.73,1757
2177.73,1818
2177.73,1835
2177.73,1775
2177.73,1711
2177.8,1717
2177.8,1765
2177.8,1791
2177.8,1779
2177.8,1752
2177.8,1751
2177.8,1769
2177.8,1787
2177.8,1811
2177.8,1900
2177.87,2029
2177.87,1912
2177.87,1756
2177.87,1635
2177.87,1594
2177.87,1619
2177.87,1659
2177.87,1705
2177.87,1737
2177.87,1785
2177.94,1820
2177.94,1828
2177.94,1834
2177.94,1822
2177.94,1807
2177.94,1840
2177.94,1919
2177.94,2023
2177.94,2151
2177.94,2285
2177.94,2386
2178.01,2443
2178.01,2542
2178.01,2607
2178.01,2124
2178.01,1337
2178.01,841
2178.01,693
2178.01,743
2178.01,891
2178.01,1049
2178.01,1106
2178.07,1177
2178.07,1349
2178.07,1612
2178.07,1930
2178.07,2175
2178.07,2261
2178.07,2131
2178.07,1877
2178.07,1696
2178.07,1628
2178.07,1988
2178.14,2106
2178.14,2255
2178.14,2360
2178.14,2343
2178.14,2165
2178.14,1908
2178.14,1755
2178.14,1722
2178.14,1767
2178.14,1836
2178.14,1880
2178.21,1880
2178.21,1874
2178.21,1907
2178.21,1963
2178.21,2011
2178.21,2071
2178.21,2159
2178.21,2299
2178.21,2460
2178.21,2521
2178.27,2380
2178.27,2119
2178.27,1931
2178.27,1891
2178.27,1935
2178.27,1993
2178.27,2031
2178.27,2107
2178.27,2201
2178.27,2230
2178.27,1819
2178.35,1819
2178.35,1893
2178.35,1941
2178.35,1912
2178.35,1851
2178.35,1787
2178.35,1750
2178.35,1753
2178.35,1753
2178.35,1762
2178.42,1751
2178.42,1747
2178.42,1759
2178.42,1819
2178.42,1917
2178.42,1967
2178.42,1901
2178.42,1759
2178.42,1669
2178.42,1690
2178.42,1779
2178.48,1829
2178.48,1811
2178.48,1765
2178.48,1749
2178.48,1767
2178.48,1807
2178.48,1843
2178.48,1887
2178.48,1960
2178.48,2013
2178.48,2005
2178.55,1977
2178.55,1926
2178.55,1827
2178.55,1801
2178.55,1843
2178.55,1883
2178.55,1911
2178.55,1947
2178.55,1989
2178.55,2011
2178.62,1865
2178.62,1806
2178.62,1767
2178.62,1759
2178.62,1773
2178.62,1755
2178.62,1726
2178.62,1704
2178.62,1685
2178.62,1689
2178.62,1721
2178.68,1775
2178.68,1820
2178.68,1851
2178.68,1855
2178.68,1933
2178.68,2105
2178.68,2299
2178.68,2501
2178.68,2709
2178.68,2739
2178.68,2155
2178.75,1319
2178.75,810
2178.75,681
2178.75,760
2178.75,918
2178.75,1036
2178.75,1101
2178.75,1207
2178.75,1391
2178.75,1627
2178.75,1933
2178.83,2293
2178.83,2269
2178.83,2223
2178.83,2207
2178.83,2187
2178.83,2151
2178.83,2073
2178.83,1993
2178.83,1957
2178.83,1975
2178.9,2040
2178.9,2107
2178.9,2111
2178.9,2067
2178.9,2036
2178.9,2069
2178.9,2092
2178.9,2101
2178.9,2087
2178.9,2045
2178.9,1967
2178.96,1895
2178.96,1839
2178.96,1805
2178.96,1771
2178.96,1774
2178.96,1805
2178.96,1809
2178.96,1767
2178.96,1723
2178.96,1709
2178.96,1765
2179.03,1863
2179.03,1925
2179.03,1943
2179.03,1913
2179.03,1879
2179.03,1833
2179.03,1769
2179.03,1737
2179.03,1721
2179.03,1735
2179.1,1952
2179.1,1948
2179.1,1880
2179.1,1787
2179.1,1735
2179.1,1741
2179.1,1773
2179.1,1773
2179.1,1765
2179.1,1767
2179.1,1799
2179.16,1813
2179.16,1810
2179.16,1813
2179.16,1848
2179.16,1912
2179.16,1977
2179.16,2015
2179.16,1964
2179.16,1852
2179.16,1757
2179.16,1711
2179.23,1679
2179.23,1660
2179.23,1671
2179.23,1695
2179.23,1720
2179.23,1757
2179.23,1790
2179.23,1830
2179.23,1869
2179.23,1740
2179.3,1820
2179.3,1811
2179.3,1844
2179.3,1901
2179.3,1947
2179.3,1981
2179.3,2078
2179.3,2247
2179.3,2472
2179.3,2680
2179.37,2366
2179.37,1609
2179.37,1019
2179.37,827
2179.37,855
2179.37,979
2179.37,1093
2179.37,1131
2179.37,1211
2179.37,1338
2179.37,1478
2179.44,1619
2179.44,1753
2179.44,1843
2179.44,1895
2179.44,1941
2179.44,1977
2179.44,1979
2179.44,1910
2179.44,1832
2179.44,1799
2179.44,1823
2179.5,1863
2179.5,1867
2179.5,1855
2179.5,1848
2179.5,1863
2179.5,1880
2179.5,1895
2179.5,1909
2179.5,1941
2179.5,1996
2179.5,1816
2179.57,1868
2179.57,1929
2179.57,1971
2179.57,1975
2179.57,1977
2179.57,2003
2179.57,2059
2179.57,2118
2179.57,2146
2179.57,2163
2179.64,2197
2179.64,2239
2179.64,2279
2179.64,2295
2179.64,2303
2179.64,2288
2179.64,2261
2179.64,2189
2179.64,2089
2179.64,1965
2179.64,1884
2179.7,1881
2179.7,1897
2179.7,1903
2179.7,1895
2179.7,1886
2179.7,1907
2179.7,1942
2179.7,2005
2179.7,2072
2179.7,2125
2179.7,1678
2179.78,1897
2179.78,1990
2179.78,2141
2179.78,2281
2179.78,2251
2179.78,2027
2179.78,1753
2179.78,1567
2179.78,1507
2179.78,1541
2179.85,1610
2179.85,1660
2179.85,1707
2179.85,1751
2179.85,1771
2179.85,1781
2179.85,1783
2179.85,1806
2179.85,1847
2179.85,1927
2179.85,2065
2179.91,2184
2179.91,2205
2179.91,2079
2179.91,1885
2179.91,1741
2179.91,1674
2179.91,1638
2179.91,1623
2179.91,1627
2179.91,1659
2179.91,1693
2179.98,1727
2179.98,1779
2179.98,1829
2179.98,1861
2179.98,1882
2179.98,1927
2179.98,2005
2179.98,2061
2179.98,2077
2179.98,2032
2180.05,1753
2180.05,1765
2180.05,1811
2180.05,1863
2180.05,1891
2180.05,1901
2180.05,1939
2180.05,1961
2180.05,1951
2180.05,1955
2180.05,1989
2180.11,2023
2180.11,1995
2180.11,1912
2180.11,1819
2180.11,1767
2180.11,1799
2180.11,1869
2180.11,1917
2180.11,1933
2180.11,1933
2180.11,1931
2180.18,1924
2180.18,1965
2180.18,2037
2180.18,2053
2180.18,2009
2180.18,1965
2180.18,1947
2180.18,1929
2180.18,1885
2180.18,1739
2180.25,2005
2180.25,1871
2180.25,1759
2180.25,1707
2180.25,1737
2180.25,1788
2180.25,1835
2180.25,1875
2180.25,1897
2180.26,1931
2180.32,1959
2180.32,1981
2180.32,2029
2180.32,2106
2180.32,2219
2180.32,2347
2180.32,2403
2180.32,2281
2180.32,2032
2180.32,1836
2180.32,1781
2180.39,1803
2180.39,1847
2180.39,1887
2180.39,1939
2180.39,1965
2180.39,2005
2180.39,2053
2180.39,2068
2180.39,2089
2180.39,2127
2180.39,2191
2180.45,2327
2180.45,2467
2180.45,2537
2180.45,2479
2180.46,2279
2180.46,2031
2180.46,1871
2180.46,1817
2180.46,1849
2180.46,1919
2180.52,2069
2180.52,2169
2180.52,2261
2180.52,2263
2180.52,2175
2180.52,1997
2180.52,1791
2180.52,1639
2180.52,1546
2180.52,1541
2180.52,1591
2180.59,1651
2180.59,1693
2180.59,1708
2180.59,1739
2180.59,1790
2180.59,1836
2180.59,1847
2180.59,1869
2180.59,1941
2180.59,2095
2180.59,2251
2180.65,2245
2180.65,2060
2180.65,1836
2180.65,1689
2180.65,1629
2180.65,1609
2180.65,1593
2180.65,1621
2180.65,1683
2180.65,1835
2180.73,1814
2180.73,1867
2180.73,1899
2180.73,1912
2180.73,1907
2180.73,1885
2180.73,1890
2180.73,1906
2180.73,1917
2180.73,1879
2180.8,1845
2180.8,1789
2180.8,1759
2180.8,1717
2180.8,1707
2180.8,1723
2180.8,1771
2180.8,1827
2180.8,1839
2180.8,1855
2180.8,1893
2180.86,1929
2180.86,1957
2180.86,1943
2180.86,1885
2180.86,1827
2180.86,1821
2180.86,1845
2180.86,1865
2180.86,1871
2180.86,1847
2180.86,1800
2180.93,1756
2180.93,1746
2180.93,1764
2180.93,1835
2180.93,1938
2180.93,1980
2180.93,1956
2180.93,1893
2180.93,1838
2180.93,1847
2181,1863
2181,1864
2181,1871
2181,1877
2181,1847
2181,1818
2181,1823
2181,1854
2181,1880
2181,1848
2181,1790
2181.06,1773
2181.06,1787
2181.06,1815
2181.06,1806
2181.06,1771
2181.06,1747
2181.06,1779
2181.06,1827
2181.06,1848
2181.06,1868
2181.06,1968
2181.13,2217
2181.13,2571
2181.13,2861
2181.13,2587
2181.13,1783
2181.13,1087
2181.13,783
2181.13,723
2181.13,804
2181.13,979
2181.13,1909
2181.21,1977
2181.21,2042
2181.21,2123
2181.21,2187
2181.21,2223
2181.21,2227
2181.21,2201
2181.21,2125
2181.21,2022
2181.21,1959
2181.27,1955
2181.27,1977
2181.27,2007
2181.27,2055
2181.27,2074
2181.27,2076
2181.27,2087
2181.27,2109
2181.27,2129
2181.27,2121
2181.27,2088
2181.34,2070
2181.34,2036
2181.34,1967
2181.34,1877
2181.34,1819
2181.34,1845
2181.34,1883
2181.34,1855
2181.34,1784
2181.34,1741
2181.34,1767
2181.41,1811
2181.41,1837
2181.41,1847
2181.41,1863
2181.41,1901
2181.41,1931
2181.41,1895
2181.41,1810
2181.41,1707
2181.41,1671
2181.47,1721
2181.47,1721
2181.47,1754
2181.47,1779
2181.47,1821
2181.47,1895
2181.47,1967
2181.47,2029
2181.47,1979
2181.47,1847
2181.47,1707
2181.54,1670
2181.54,1708
2181.54,1775
2181.54,1801
2181.54,1779
2181.54,1747
2181.54,1745
2181.54,1766
2181.54,1799
2181.54,1772
2181.54,1749
2181.6,1753
2181.6,1801
2181.6,1853
2181.6,1895
2181.6,1854
2181.6,1852
2181.6,1900
2181.6,1933
2181.6,1911
2181.6,1804
2181.68,1944
2181.68,1946
2181.68,1911
2181.68,1883
2181.68,1892
2181.68,1893
2181.68,1882
2181.68,1884
2181.68,1884
2181.68,1899
2181.75,1939
2181.75,1988
2181.75,1995
2181.75,1979
2181.75,1915
2181.75,1814
2181.75,1743
2181.75,1715
2181.75,1741
2181.75,1763
2181.75,1753
2181.82,1714
2181.82,1717
2181.82,1757
2181.82,1819
2181.82,1853
2181.82,1875
2181.82,1863
2181.82,1886
2181.82,1975
2181.82,2151
2181.82,2413
2181.88,2727
2181.88,2723
2181.88,2109
2181.88,1323
2181.88,853
2181.88,713
2181.88,805
2181.88,1042
2181.88,1205
2181.88,1267
2181.88,1893
2181.95,1913
2181.95,1929
2181.95,1939
2181.95,1930
2181.95,1909
2181.95,1911
2181.95,1925
2181.95,1952
2181.95,1957
2181.95,1926
2182.02,1903
2182.02,1901
2182.02,1908
2182.02,1891
2182.02,1903
2182.02,1978
2182.02,2044
2182.02,2111
2182.02,2107
2182.02,2055
2182.02,2007
2182.08,2003
2182.08,1999
2182.08,2003
2182.08,2006
2182.08,2020
2182.08,2036
2182.08,2057
2182.08,2059
2182.08,2057
2182.08,2089
2182.08,1885
2182.16,1811
2182.16,1827
2182.16,1867
2182.16,1910
2182.16,1943
2182.16,1917
2182.16,1881
2182.16,1834
2182.16,1791
2182.16,1749
2182.23,1704
2182.23,1704
2182.23,1751
2182.23,1801
2182.23,1861
2182.23,1887
2182.23,1881
2182.23,1822
2182.23,1775
2182.23,1753
2182.23,1751
2182.29,1785
2182.29,1845
2182.29,1907
2182.29,1935
2182.29,1903
2182.29,1862
2182.29,1837
2182.29,1861
2182.29,1881
2182.29,1869
2182.29,1835
2182.36,1781
2182.36,1743
2182.36,1783
2182.36,1833
2182.36,1829
2182.36,1811
2182.36,1819
2182.36,1817
2182.36,1844
2182.36,1898
2182.43,1878
2182.43,1865
2182.43,1875
2182.43,1917
2182.43,1995
2182.43,2059
2182.43,2091
2182.43,2043
2182.43,1989
2182.43,1940
2182.43,1896
2182.49,1830
2182.49,1787
2182.49,1815
2182.49,1823
2182.49,1828
2182.49,1875
2182.49,1947
2182.49,2035
2182.49,2077
2182.49,2019
2182.49,1903
2182.56,1797
2182.56,1785
2182.56,1800
2182.56,1781
2182.56,1746
2182.56,1703
2182.56,1686
2182.56,1689
2182.56,1707
2182.56,1787
2182.63,1991
2182.63,1981
2182.63,1989
2182.63,1995
2182.63,2005
2182.63,1977
2182.63,1959
2182.63,1957
2182.63,1919
2182.63,1909
2182.7,1933
2182.7,1966
2182.7,1983
2182.7,1961
2182.7,1951
2182.7,2003
2182.7,2105
2182.7,2229
2182.7,2255
2182.7,2205
2182.7,2141
2182.77,2077
2182.77,2035
2182.77,2056
2182.77,2105
2182.77,2120
2182.77,2095
2182.77,2077
2182.77,2093
2182.77,2105
2182.77,2091
2182.77,2110
2182.83,2126
2182.83,2134
2182.83,2173
2182.83,2251
2182.83,2291
2182.83,2261
2182.83,2119
2182.83,1971
2182.83,1911
2182.83,1929
2182.9,1926
2182.9,1903
2182.9,1853
2182.9,1805
2182.9,1751
2182.9,1747
2182.9,1774
2182.9,1815
2182.9,1819
2182.9,1823
2182.9,1845
2182.97,1864
2182.97,1852
2182.97,1871
2182.97,1862
2182.97,1803
2182.97,1779
2182.97,1788
2182.97,1783
2182.97,1752
2182.97,1721
2182.97,1737
2183.03,1783
2183.03,1839
2183.03,1869
2183.03,1883
2183.03,1881
2183.03,1880
2183.03,1888
2183.03,1909
2183.03,1895
2183.03,2187
2183.11,1743
2183.11,1681
2183.11,1689
2183.11,1752
2183.11,1837
2183.11,1885
2183.11,1867
2183.11,1835
2183.11,1849
2183.11,1911
2183.18,1941
2183.18,1903
2183.18,1861
2183.18,1791
2183.18,1748
2183.18,1736
2183.18,1745
2183.18,1767
2183.18,1813
2183.18,1925
2183.18,2135
2183.24,2471
2183.24,2791
2183.24,2603
2183.24,1901
2183.24,1255
2183.24,891
2183.24,804
2183.24,903
2183.24,1047
2183.24,1117
2183.24,1183
2183.31,1299
2183.31,1437
2183.31,1610
2183.31,1749
2183.31,1816
2183.31,1843
2183.31,1877
2183.31,1932
2183.31,1992
2183.31,2043
2183.31,1957
2183.38,1959
2183.38,1956
2183.38,1943
2183.38,1940
2183.38,1961
2183.38,1988
2183.38,2026
2183.38,2077
2183.38,2151
2183.38,2195
2183.44,2184
2183.44,2127
2183.44,2057
2183.44,2014
2183.44,2007
2183.44,2025
2183.44,2029
2183.44,2043
2183.44,2063
2183.44,2075
2183.44,2099
2183.51,2138
2183.51,2173
2183.51,2174
2183.51,2146
2183.51,2172
2183.51,2279
2183.51,2343
2183.51,2317
2183.51,2219
2183.51,2134
2183.51,1901
2183.59,1662
2183.59,1647
2183.59,1694
2183.59,1741
2183.59,1757
2183.59,1770
2183.59,1781
2183.59,1817
2183.59,1863
2183.59,1885
2183.65,1894
2183.65,1919
2183.65,1992
2183.65,2059
2183.65,2067
2183.65,1991
2183.65,1881
2183.65,1798
2183.65,1789
2183.65,1830
2183.65,1864
2183.72,1837
2183.72,1818
2183.72,1854
2183.72,1933
2183.72,1976
2183.72,1975
2183.72,1951
2183.72,1944
2183.72,1933
2183.72,1957
2183.72,1997
2183.79,2065
2183.79,2118
2183.79,2163
2183.79,2147
2183.79,2021
2183.79,1851
2183.79,1715
2183.79,1662
2183.79,1662
2183.79,1657
2183.85,1783
2183.85,1851
2183.85,1931
2183.85,2029
2183.85,2133
2183.85,2215
2183.85,2315
2183.85,2511
2183.85,2664
2183.85,2260
2183.85,1407
2183.92,777
2183.92,571
2183.92,647
2183.92,831
2183.92,1003
2183.92,1079
2183.92,1139
2183.92,1257
2183.92,1435
2183.92,1647
2183.92,1887
2183.99,2109
2183.99,2238
2183.99,2197
2183.99,2005
2183.99,1817
2183.99,1704
2183.99,1663
2183.99,1689
2183.99,1725
2183.99,1749
2183.99,2259
2184.06,1998
2184.06,2007
2184.06,1996
2184.06,1997
2184.06,2019
2184.06,2027
2184.06,2003
2184.06,1967
2184.06,1951
2184.06,1929
2184.13,1901
2184.13,1895
2184.13,1889
2184.13,1891
2184.13,1875
2184.13,1817
2184.13,1753
2184.13,1711
2184.13,1749
2184.13,1862
2184.13,1929
2184.2,1893
2184.2,1815
2184.2,1764
2184.2,1776
2184.2,1791
2184.2,1765
2184.2,1739
2184.2,1751
2184.2,1785
2184.2,1829
2184.2,1854
2184.26,1877
2184.26,1899
2184.26,1933
2184.26,1941
2184.26,1915
2184.26,1876
2184.26,1831
2184.26,1779
2184.27,1725
2184.27,1687
2184.33,2001
2184.33,2101
2184.33,2199
2184.33,2193
2184.33,2085
2184.33,1967
2184.33,1883
2184.33,1865
2184.33,1899
2184.33,1958
2184.33,2009
2184.4,1981
2184.4,1885
2184.4,1767
2184.4,1677
2184.4,1661
2184.4,1695
2184.4,1735
2184.4,1753
2184.4,1815
2184.4,1913
2184.4,1993
2184.46,2009
2184.46,2003
2184.46,1911
2184.46,1770
2184.46,1655
2184.46,1623
2184.46,1643
2184.46,1705
2184.46,1743
2184.46,2108
2184.54,1877
2184.54,1947
2184.54,1983
2184.54,1993
2184.54,2023
2184.54,2059
2184.54,2040
2184.54,2025
2184.54,2040
2184.54,2090
2184.61,2120
2184.61,2107
2184.61,2058
2184.61,2044
2184.61,2063
2184.61,2103
2184.61,2157
2184.61,2166
2184.61,2131
2184.61,2059
2184.61,2037
2184.67,2055
2184.67,2015
2184.67,1975
2184.67,1997
2184.67,2085
2184.67,2156
2184.67,2167
2184.67,2125
2184.67,2079
2184.67,2054
2184.67,2042
2184.74,2043
2184.74,2009
2184.74,1959
2184.74,1917
2184.74,1840
2184.74,1775
2184.74,1775
2184.74,1798
2184.74,1819
2184.74,1811
2184.81,1765
2184.81,1791
2184.81,1815
2184.81,1833
2184.81,1871
2184.81,1911
2184.81,1929
2184.81,1916
2184.81,1882
2184.81,1847
2184.81,1827
2184.87,1823
2184.87,1852
2184.87,1929
2184.87,1990
2184.87,1975
2184.87,1881
2184.87,1767
2184.87,1673
2184.87,1641
2184.87,1653
2184.87,1691
2184.94,1743
2184.94,1769
2184.94,1782
2184.94,1815
2184.94,1870
2184.94,1975
2184.94,2105
2184.94,2163
2184.94,2139
2184.94,1727
2185.01,2748
2185.01,2059
2185.01,1226
2185.01,744
2185.01,571
2185.01,599
2185.01,767
2185.01,941
2185.01,1059
2185.01,1179
2185.01,1351
2185.08,1557
2185.08,1747
2185.08,1863
2185.08,1899
2185.08,1929
2185.08,1979
2185.08,2074
2185.08,2137
2185.08,2079
2185.08,1933
2185.08,1810
2185.15,1771
2185.15,1787
2185.15,1806
2185.15,1819
2185.15,1871
2185.15,1919
2185.15,1947
2185.15,1959
2185.15,1949
2185.15,1943
2185.21,1947
2185.21,1971
2185.21,2007
2185.21,2031
2185.21,2031
2185.21,2038
2185.21,2043
2185.21,2037
2185.21,2040
2185.21,2072
2185.21,2054
2185.28,2063
2185.28,2079
2185.28,2093
2185.28,2103
2185.28,2107
2185.28,2141
2185.28,2205
2185.28,2277
2185.28,2291
2185.28,2255
2185.28,2213
2185.35,2159
2185.35,2087
2185.35,1961
2185.35,1863
2185.35,1848
2185.35,1874
2185.35,1886
2185.35,1881
2185.35,1865
2185.35,1869
2185.41,1879
2185.41,1864
2185.41,1836
2185.41,1827
2185.41,1831
2185.41,1843
2185.41,1831
2185.41,1828
2185.41,1843
2185.41,1883
2185.41,1928
2185.42,1600
2185.5,1861
2185.5,1889
2185.5,1917
2185.5,1962
2185.5,2025
2185.5,2120
2185.5,2211
2185.5,2263
2185.5,2219
2185.5,2117
2185.56,2021
2185.56,1951
2185.56,1883
2185.56,1799
2185.56,1722
2185.56,1693
2185.56,1707
2185.56,1711
2185.56,1711
2185.56,1715
2185.56,1737
2185.63,1771
2185.63,1803
2185.63,1814
2185.63,1822
2185.63,1848
2185.63,1897
2185.63,1967
2185.63,2023
2185.63,1997
2185.63,1906
2185.63,1813
2185.7,1727
2185.7,1676
2185.7,1685
2185.7,1819
2185.7,2091
2185.7,2443
2185.7,2668
2185.7,2296
2185.7,1541
2185.7,967
2185.76,1694
2185.76,1805
2185.76,1832
2185.76,1765
2185.76,1707
2185.76,1703
2185.76,1754
2185.76,1813
2185.76,1849
2185.76,1864
2185.76,1875
2185.83,1907
2185.83,1961
2185.83,1996
2185.83,2007
2185.83,1984
2185.83,1959
2185.83,1967
2185.83,1995
2185.83,1999
2185.83,2019
2185.83,2028
2185.89,2030
2185.89,2025
2185.89,2005
2185.89,1982
2185.89,1975
2185.89,1966
2185.89,1956
2185.89,1951
2185.89,1973
2185.89,2027
2185.97,1772
2185.97,1735
2185.97,1743
2185.97,1781
2185.97,1815
2185.97,1811
2185.97,1803
2185.97,1821
2185.97,1849
2185.97,1869
2186.04,1867
2186.04,1896
2186.04,1911
2186.04,1913
2186.04,1928
2186.04,1929
2186.04,1908
2186.04,1901
2186.04,1925
2186.04,1913
2186.04,1843
2186.1,1725
2186.1,1669
2186.1,1687
2186.1,1741
2186.1,1775
2186.1,1788
2186.1,1789
2186.1,1789
2186.1,1801
2186.1,1815
2186.1,1831
2186.17,1863
2186.17,1903
2186.17,1912
2186.17,1918
2186.17,1935
2186.17,1933
2186.17,1901
2186.17,1851
2186.17,1821
2186.17,1807
2186.24,1855
2186.24,1863
2186.24,1851
2186.24,1851
2186.24,1867
2186.24,1898
2186.24,1918
2186.24,1919
2186.24,1901
2186.24,1869
2186.24,1871
2186.3,1932
2186.3,1979
2186.3,1975
2186.3,1948
2186.3,1956
2186.3,1991
2186.3,2031
2186.3,2073
2186.3,2079
2186.3,2031
2186.3,1933
2186.37,1849
2186.37,1823
2186.37,1823
2186.37,1789
2186.37,1726
2186.37,1703
2186.37,1749
2186.37,1804
2186.37,1804
2186.37,1951
2186.44,1939
2186.44,1918
2186.44,1875
2186.44,1845
2186.44,1853
2186.44,1865
2186.44,1897
2186.44,1941
2186.44,1983
2186.44,2067
2186.51,2125
2186.51,2116
2186.51,2067
2186.51,1997
2186.51,1993
2186.51,2001
2186.51,1993
2186.51,1959
2186.51,1925
2186.51,1929
2186.51,1973
2186.58,2037
2186.58,2092
2186.58,2131
2186.58,2183
2186.58,2217
2186.58,2185
2186.58,2103
2186.58,2023
2186.58,2027
2186.58,2105
2186.58,2147
2186.64,2123
2186.64,2040
2186.64,1959
2186.64,1939
2186.64,1973
2186.64,2055
2186.64,2108
2186.64,2095
2186.64,2043
2186.64,1977
2186.71,1892
2186.71,1899
2186.71,1895
2186.71,1875
2186.71,1849
2186.71,1855
2186.71,1862
2186.71,1827
2186.71,1779
2186.71,1753
2186.71,1765
2186.78,1811
2186.78,1832
2186.78,1819
2186.78,1801
2186.78,1813
2186.78,1867
2186.78,1929
2186.78,1947
2186.78,1929
2186.78,1913
2186.78,1895
2186.84,1848
2186.84,1771
2186.84,1723
2186.84,1723
2186.84,1747
2186.84,1752
2186.84,1755
2186.84,1787
2186.84,1827
2186.84,2107
2186.92,1735
2186.92,1739
2186.92,1747
2186.92,1764
2186.92,1775
2186.92,1771
2186.92,1766
2186.92,1759
2186.92,1763
2186.92,1775
2186.98,1771
2186.98,1765
2186.98,1800
2186.98,1851
2186.98,1865
2186.98,1863
2186.98,1915
2186.98,2030
2186.98,2203
2186.98,2409
2186.98,2605
2187.05,2331
2187.05,1580
2187.05,953
2187.05,710
2187.05,711
2187.05,847
2187.05,1004
2187.05,1141
2187.05,1309
2187.05,1499
2187.05,1638
2187.12,1695
2187.12,1711
2187.12,1715
2187.12,1710
2187.12,1699
2187.12,1686
2187.12,1707
2187.12,1749
2187.12,1803
2187.12,1875
2187.12,1892
2187.18,1829
2187.18,1807
2187.18,1817
2187.18,1849
2187.18,1881
2187.18,1947
2187.18,2041
2187.18,2107
2187.18,2111
2187.18,2075
2187.18,1996
2187.25,1940
2187.25,1958
2187.25,1999
2187.25,2015
2187.25,2005
2187.25,1981
2187.25,1975
2187.25,1995
2187.25,2053
2187.25,2103
2187.32,2109
2187.32,2087
2187.32,2095
2187.32,2141
2187.32,2168
2187.32,2123
2187.32,2023
2187.32,1933
2187.32,1911
2187.32,1993
2187.32,1903
2187.39,1717
2187.4,1787
2187.4,1837
2187.4,1863
2187.4,1877
2187.4,1893
2187.4,1916
2187.4,1918
2187.4,1906
2187.4,1871
2187.46,1816
2187.46,1743
2187.46,1707
2187.46,1726
2187.46,1771
2187.46,1773
2187.46,1763
2187.46,1773
2187.46,1801
2187.46,1816
2187.46,1835
2187.53,1851
2187.53,1881
2187.53,1957
2187.53,2090
2187.53,2205
2187.53,2223
2187.53,2136
2187.53,1999
2187.53,1903
2187.53,1851
2187.53,1819
2187.59,1799
2187.59,1803
2187.59,1816
2187.59,1805
2187.59,1789
2187.59,1780
2187.59,1759
2187.59,1742
2187.59,1746
2187.59,1778
2187.66,1609
2187.66,1515
2187.66,1531
2187.66,1581
2187.66,1671
2187.66,1813
2187.66,2025
2187.66,2317
2187.66,2645
2187.66,2679
2187.66,2103
2187.73,1399
2187.73,1035
2187.73,958
2187.73,973
2187.73,969
2187.73,921
2187.73,927
2187.73,1071
2187.73,1272
2187.73,1491
2187.73,1672
2187.79,1785
2187.79,1871
2187.79,1911
2187.79,1895
2187.79,1833
2187.79,1757
2187.79,1735
2187.79,1807
2187.79,1917
2187.79,1993
2187.79,1992
2187.8,2204
2187.88,2063
2187.88,2072
2187.88,2077
2187.88,2043
2187.88,1997
2187.88,1958
2187.88,1931
2187.88,1914
2187.88,1931
2187.88,1933
2187.94,1895
2187.94,1835
2187.94,1783
2187.94,1747
2187.94,1718
2187.94,1727
2187.94,1784
2187.94,1813
2187.94,1789
2187.94,1773
2187.94,1802
2188.01,1864
2188.01,1869
2188.01,1839
2188.01,1827
2188.01,1831
2188.01,1884
2188.01,1945
2188.01,1949
2188.01,1913
2188.01,1865
2188.01,1807
2188.08,1763
2188.08,1727
2188.08,1733
2188.08,1762
2188.08,1801
2188.08,1817
2188.08,1821
2188.08,1835
2188.08,1845
2188.08,1847
2188.14,1719
2188.14,1691
2188.14,1705
2188.14,1722
2188.14,1740
2188.14,1773
2188.14,1837
2188.14,1899
2188.14,1943
2188.14,1975
2188.14,2019
2188.21,2117
2188.21,2231
2188.21,2285
2188.21,2247
2188.21,2121
2188.21,1963
2188.21,1831
2188.21,1753
2188.21,1725
2188.21,1753
2188.21,1784
2188.27,1800
2188.27,1798
2188.27,1785
2188.27,1783
2188.27,1790
2188.27,1823
2188.27,1892
2188.27,2001
2188.27,2125
2188.27,1801
2188.35,1880
2188.35,1824
2188.35,1787
2188.35,1785
2188.35,1829
2188.35,1879
2188.35,1893
2188.35,1911
2188.35,1962
2188.35,2013
2188.42,2071
2188.42,2124
2188.42,2139
2188.42,2093
2188.42,2007
2188.42,1913
2188.42,1847
2188.42,1839
2188.42,1868
2188.42,1918
2188.42,1979
2188.49,2058
2188.49,2111
2188.49,2147
2188.49,2141
2188.49,2139
2188.49,2150
2188.49,2165
2188.49,2175
2188.49,2184
2188.49,2187
2188.49,2163
2188.55,2107
2188.55,2063
2188.55,2024
2188.55,2008
2188.55,2004
2188.55,2013
2188.55,2053
2188.55,2093
2188.55,2133
2188.55,2127
2188.62,1829
2188.62,1773
2188.62,1759
2188.62,1773
2188.62,1780
2188.62,1771
2188.62,1770
2188.62,1782
2188.62,1811
2188.62,1831
2188.62,1837
2188.69,1855
2188.69,1901
2188.69,1971
2188.69,1993
2188.69,1945
2188.69,1869
2188.69,1819
2188.69,1820
2188.69,1817
2188.69,1787
2188.69,1741
2188.74,1703
2188.74,1707
2188.74,1728
2188.74,1753
2188.74,1798
2188.74,1847
2188.74,1901
2188.74,1930
2188.74,1833
2188.82,1687
2188.82,1715
2188.82,1749
2188.82,1788
2188.82,1855
2188.82,1933
2188.82,1974
2188.82,1939
2188.82,1828
2188.82,1699
2188.89,1679
2188.89,1787
2188.89,1998
2188.89,2259
2188.89,2495
2188.89,2283
2188.89,1615
2188.89,1049
2188.89,797
2188.89,797
2188.89,975
2188.96,1213
2188.96,1383
2188.96,1437
2188.96,1439
2188.96,1447
2188.96,1493
2188.96,1577
2188.96,1644
2188.96,1689
2188.96,1749
2188.96,1787
2189.02,1791
2189.02,1783
2189.02,1811
2189.02,1879
2189.02,1961
2189.02,1999
2189.02,1971
2189.02,1912
2189.02,1877
2189.02,1896
2189.02,2023
2189.09,1981
2189.09,1963
2189.09,1979
2189.09,2009
2189.09,2011
2189.09,1993
2189.09,1960
2189.09,1928
2189.09,1935
2189.09,2008
2189.16,2101
2189.16,2168
2189.16,2197
2189.16,2169
2189.16,2181
2189.16,2219
2189.16,2259
2189.16,2245
2189.16,2165
2189.16,2077
2189.16,2039
2189.22,1999
2189.22,1967
2189.22,1947
2189.22,1945
2189.22,1967
2189.22,1981
2189.22,1983
2189.22,1981
2189.22,1983
2189.22,1979
2189.22,1845
2189.3,1769
2189.3,1769
2189.3,1787
2189.3,1823
2189.3,1901
2189.3,1995
2189.3,2041
2189.3,2035
2189.3,1988
2189.3,1912
2189.37,1817
2189.37,1737
2189.37,1691
2189.37,1691
2189.37,1711
2189.37,1737
2189.37,1769
2189.37,1819
2189.37,1862
2189.37,1891
2189.37,1977
2189.43,2089
2189.43,2171
2189.43,2169
2189.43,2123
2189.43,2065
2189.43,2021
2189.43,1999
2189.43,1971
2189.43,1916
2189.43,1848
2189.43,1786
2189.5,1747
2189.5,1737
2189.5,1727
2189.5,1750
2189.5,1773
2189.5,1805
2189.5,1833
2189.5,1863
2189.5,1871
2189.5,1867
2189.57,1798
2189.57,1875
2189.57,2007
2189.57,2197
2189.57,2443
2189.57,2633
2189.57,2310
2189.57,1590
2189.57,1034
2189.57,829
2189.57,822
2189.63,939
2189.63,1085
2189.63,1193
2189.63,1295
2189.63,1359
2189.63,1419
2189.63,1541
2189.63,1679
2189.63,1783
2189.63,1807
2189.63,1787
2189.7,1805
2189.7,1840
2189.7,1883
2189.7,1892
2189.7,1896
2189.7,1907
2189.7,1932
2189.7,1995
2189.7,2073
2189.7,2102
2189.7,2283
2189.78,1931
2189.78,1883
2189.78,1877
2189.78,1892
2189.78,1907
2189.78,1909
2189.78,1934
2189.78,1959
2189.78,1959
2189.78,1950
2189.84,1920
2189.84,1865
2189.84,1815
2189.84,1757
2189.84,1741
2189.84,1759
2189.84,1789
2189.84,1821
2189.84,1843
2189.84,1863
2189.84,1884
2189.91,1893
2189.91,1881
2189.91,1845
2189.91,1804
2189.91,1789
2189.91,1831
2189.91,1873
2189.91,1865
2189.91,1815
2189.91,1762
2189.91,1757
2189.98,1789
2189.98,1829
2189.98,1833
2189.98,1821
2189.98,1833
2189.98,1855
2189.98,1867
2189.98,1867
2189.98,1865
2189.98,1876
2190.04,1774
2190.04,1769
2190.04,1772
2190.04,1813
2190.04,1845
2190.04,1871
2190.04,1897
2190.04,1911
2190.04,1898
2190.04,1883
2190.04,1910
2190.11,1971
2190.11,2025
2190.11,2029
2190.11,2035
2190.11,2087
2190.11,2131
2190.11,2105
2190.11,1999
2190.11,1865
2190.11,1788
2190.11,1783
2190.17,1819
2190.17,1847
2190.17,1819
2190.17,1739
2190.17,1699
2190.17,1705
2190.17,1747
2190.17,1785
2190.17,1871
2190.25,1991
2190.25,2092
2190.25,2155
2190.25,2153
2190.25,2085
2190.25,1971
2190.25,1849
2190.25,1791
2190.25,1805
2190.25,1851
2190.31,1893
2190.31,1907
2190.31,1908
2190.31,1916
2190.31,1961
2190.31,2012
2190.31,2086
2190.31,2155
2190.31,2213
2190.31,2229
2190.31,2197
2190.38,2137
2190.38,2043
2190.38,1991
2190.38,1961
2190.38,1967
2190.38,1993
2190.38,2025
2190.38,2087
2190.38,2163
2190.38,2238
2190.38,2309
2190.45,2319
2190.45,2280
2190.45,2234
2190.45,2167
2190.45,2073
2190.45,1967
2190.45,1925
2190.45,1949
2190.45,1988
2190.45,2005
2190.51,1871
2190.51,1833
2190.51,1810
2190.51,1813
2190.51,1827
2190.51,1848
2190.51,1853
2190.51,1847
2190.51,1821
2190.51,1810
2190.51,1832
2190.58,1885
2190.58,1927
2190.58,1899
2190.58,1811
2190.58,1741
2190.58,1715
2190.58,1727
2190.58,1752
2190.58,1769
2190.58,1772
2190.58,1779
2190.65,1775
2190.65,1788
2190.65,1831
2190.65,1903
2190.65,1981
2190.65,2019
2190.65,1991
2190.65,1945
2190.65,1901
2190.65,1663
2190.72,1782
2190.72,1810
2190.72,1847
2190.72,1883
2190.72,1885
2190.72,1878
2190.72,1909
2190.72,1951
2190.72,1982
2190.72,1966
2190.79,1912
2190.79,1871
2190.79,1869
2190.79,1914
2190.79,1994
2190.79,2002
2190.79,1932
2190.79,1883
2190.79,1880
2190.79,1907
2190.79,1913
2190.85,1887
2190.85,1892
2190.85,1909
2190.85,1891
2190.85,1901
2190.85,1967
2190.86,2063
2190.86,2075
2190.86,1970
2190.86,1784
2190.86,1663
2190.92,1657
2190.92,1701
2190.92,1737
2190.92,1766
2190.92,1787
2190.92,1771
2190.92,1710
2190.92,1703
2190.92,1741
2190.92,1813
2190.99,1972
2190.99,1235
2190.99,859
2190.99,815
2190.99,941
2190.99,1103
2190.99,1192
2190.99,1229
2190.99,1294
2190.99,1403
2190.99,1577
2191.05,1781
2191.05,1930
2191.05,1971
2191.05,1975
2191.05,2003
2191.05,2023
2191.05,2023
2191.06,2005
2191.06,1983
2191.06,2004
2191.06,2053
2191.12,2105
2191.12,2075
2191.12,1957
2191.12,1864
2191.12,1817
2191.12,1819
2191.12,1847
2191.12,1895
2191.12,1944
2191.12,2005
2191.12,1981
2191.2,1933
2191.2,1945
2191.2,1976
2191.2,2013
2191.2,2021
2191.2,2011
2191.2,2013
2191.2,1981
2191.2,1903
2191.2,1802
2191.27,1737
2191.27,1704
2191.27,1703
2191.27,1722
2191.27,1743
2191.27,1755
2191.27,1769
2191.27,1781
2191.27,1799
2191.27,1811
2191.27,1833
2191.33,1885
2191.33,1971
2191.33,2042
2191.33,2087
2191.33,2037
2191.33,1939
2191.33,1879
2191.33,1835
2191.33,1791
2191.33,1767
2191.33,1737
2191.4,1717
2191.4,1716
2191.4,1711
2191.4,1734
2191.4,1781
2191.4,1819
2191.4,1829
2191.4,1833
2191.4,1877
2191.4,1939
2191.47,1746
2191.47,1709
2191.47,1691
2191.47,1707
2191.47,1723
2191.47,1737
2191.47,1753
2191.47,1790
2191.47,1823
2191.47,1837
2191.47,1855
2191.53,1891
2191.53,1899
2191.53,1877
2191.53,1805
2191.53,1721
2191.53,1679
2191.53,1673
2191.53,1687
2191.53,1683
2191.53,1684
2191.53,1703
2191.6,1741
2191.6,1773
2191.6,1783
2191.6,1778
2191.6,1771
2191.6,1815
2191.6,1911
2191.6,1967
2191.6,1918
2191.6,1820
2191.67,1927
2191.67,2188
2191.67,2521
2191.67,2677
2191.67,2215
2191.67,1455
2191.67,955
2191.67,775
2191.67,820
2191.67,991
2191.67,1125
2191.74,1147
2191.74,1184
2191.74,1318
2191.74,1519
2191.74,1721
2191.74,1866
2191.74,1941
2191.74,1946
2191.74,1933
2191.74,1908
2191.74,1863
2191.81,1815
2191.81,1791
2191.81,1791
2191.81,1835
2191.81,1897
2191.81,1931
2191.81,1931
2191.81,1917
2191.81,1941
2191.81,1977
2191.87,2011
2191.87,2014
2191.87,1977
2191.87,1946
2191.87,1932
2191.87,1939
2191.87,1960
2191.87,1965
2191.87,1963
2191.87,2011
2191.87,2029
2191.94,1996
2191.94,1979
2191.94,1977
2191.94,2004
2191.94,2057
2191.94,2129
2191.94,2207
2191.94,2265
2191.94,2271
2191.94,2239
2191.94,2195
2192.01,2157
2192.01,2120
2192.01,2079
2192.01,2059
2192.01,2059
2192.01,2001
2192.01,1944
2192.01,1931
2192.01,1981
2192.01,1976
2192.07,1907
2192.07,1869
2192.07,1867
2192.07,1917
2192.07,1955
2192.07,1901
2192.07,1807
2192.07,1747
2192.07,1705
2192.07,1675
2192.07,1823
2192.15,1721
2192.15,1647
2192.15,1619
2192.15,1645
2192.15,1685
2192.15,1709
2192.15,1717
2192.15,1753
2192.15,1789
2192.15,1817
2192.22,1848
2192.22,1897
2192.22,1907
2192.22,1883
2192.22,1847
2192.22,1819
2192.22,1801
2192.22,1785
2192.22,1787
2192.22,1797
2192.22,1813
2192.29,1823
2192.29,1814
2192.29,1845
2192.29,1898
2192.29,1933
2192.29,1927
2192.29,1868
2192.29,1787
2192.29,1746
2192.29,1737
2192.29,1737
2192.35,1775
2192.35,1824
2192.35,1863
2192.35,1883
2192.35,1895
2192.35,1939
2192.35,1977
2192.35,2009
2192.35,2039
2192.35,2022
2192.42,1885
2192.42,1880
2192.42,1849
2192.42,1834
2192.42,1849
2192.42,1867
2192.42,1821
2192.42,1799
2192.42,1816
2192.42,1843
2192.42,1853
2192.49,1851
2192.49,1839
2192.49,1831
2192.49,1845
2192.49,1886
2192.49,1890
2192.49,1850
2192.49,1875
2192.49,2025
2192.49,2313
2192.49,2664
2192.55,2775
2192.55,2220
2192.55,1439
2192.55,957
2192.55,803
2192.55,863
2192.55,1011
2192.55,1157
2192.55,1239
2192.55,1331
2192.55,2303
2192.63,2355
2192.63,2391
2192.63,2424
2192.63,2422
2192.63,2393
2192.63,2367
2192.63,2363
2192.63,2375
2192.63,2360
2192.63,2323
2192.7,2287
2192.7,2277
2192.7,2287
2192.7,2295
2192.7,2299
2192.7,2323
2192.7,2349
2192.7,2357
2192.7,2314
2192.7,2245
2192.7,2171
2192.76,2095
2192.76,2031
2192.76,1997
2192.76,1975
2192.76,1972
2192.76,1976
2192.76,1981
2192.76,1983
2192.76,1981
2192.76,2001
2192.76,2009
2192.83,2003
2192.83,1976
2192.83,1949
2192.83,1941
2192.83,1963
2192.83,1967
2192.83,1917
2192.83,1821
2192.83,1765
2192.83,1747
2192.9,1912
2192.9,1789
2192.9,1611
2192.9,1459
2192.9,1401
2192.9,1431
2192.9,1459
2192.9,1397
2192.9,1301
2192.9,1253
2192.9,1293
2192.96,1365
2192.96,1389
2192.96,1389
2192.96,1415
2192.96,1465
2192.96,1525
2192.96,1553
2192.96,1513
2192.96,1439
2192.96,1380
2192.96,1367
2193.02,1419
2193.02,1488
2193.02,1553
2193.02,1599
2193.02,1576
2193.02,1487
2193.02,1401
2193.02,1341
2193.02,1644
2193.1,1693
2193.1,1821
2193.1,2076
2193.1,2393
2193.1,2567
2193.1,2157
2193.1,1399
2193.1,876
2193.1,727
2193.1,793
2193.1,950
2193.17,1093
2193.17,1171
2193.17,1225
2193.17,1287
2193.17,1373
2193.17,1511
2193.17,1639
2193.17,1717
2193.17,1741
2193.17,1721
2193.17,1706
2193.23,1715
2193.23,1737
2193.23,1735
2193.23,1739
2193.23,1780
2193.23,1979
2193.23,2175
2193.23,2267
2193.23,2271
2193.23,2263
2193.3,2253
2193.3,2253
2193.3,2262
2193.3,2254
2193.3,2247
2193.3,2263
2193.3,2279
2193.3,2287
2193.3,2284
2193.3,2281
2193.3,2341
2193.37,2340
2193.37,2347
2193.37,2358
2193.37,2356
2193.37,2347
2193.37,2323
2193.37,2315
2193.37,2334
2193.37,2347
2193.37,2344
2193.37,2322
2193.43,2285
2193.43,2249
2193.43,2227
2193.43,2201
2193.43,2168
2193.43,2152
2193.43,2153
2193.43,2127
2193.43,2101
2193.43,2078
2193.5,2045
2193.5,2021
2193.5,1983
2193.5,1940
2193.5,1917
2193.5,1926
2193.5,1943
2193.5,1945
2193.5,1941
2193.5,1918
2193.5,1847
2193.58,1940
2193.58,1956
2193.58,2008
2193.58,2063
2193.58,2089
2193.58,2095
2193.58,2083
2193.58,2041
2193.58,2007
2193.58,1979
2193.64,1964
2193.64,1941
2193.64,1913
2193.64,1885
2193.64,1862
2193.64,1824
2193.64,1809
2193.64,1813
2193.64,1817
2193.64,1813
2193.64,1803
2193.71,1799
2193.71,1801
2193.71,1801
2193.71,1803
2193.71,1791
2193.71,1783
2193.71,1779
2193.71,1787
2193.71,1814
2193.71,1816
2193.71,1807
2193.78,1839
2193.78,1965
2193.78,2173
2193.78,2431
2193.78,2591
2193.78,2228
2193.78,1513
2193.78,981
2193.78,787
2193.78,823
2193.78,1888
2193.84,1885
2193.84,1839
2193.84,1830
2193.84,1869
2193.84,1925
2193.84,1919
2193.84,1897
2193.84,1895
2193.84,1893
2193.84,1867
2193.91,1847
2193.91,1843
2193.91,1865
2193.91,1903
2193.91,1948
2193.91,1973
2193.91,1981
2193.91,2011
2193.91,2066
2193.91,2089
2193.91,2087
2193.98,2057
2193.98,2020
2193.98,1991
2193.98,1971
2193.98,1960
2193.98,1955
2193.98,1949
2193.98,1947
2193.98,1949
2193.98,1951
2193.98,1939
2194.06,1725
2194.06,1789
2194.06,1837
2194.06,1855
2194.06,1871
2194.06,1931
2194.06,1956
2194.06,1914
2194.06,1835
2194.06,1751
2194.12,1692
2194.12,1662
2194.12,1661
2194.12,1706
2194.12,1753
2194.12,1783
2194.12,1811
2194.12,1799
2194.12,1766
2194.12,1757
2194.12,1684
2194.19,1529
2194.19,1399
2194.19,1350
2194.19,1353
2194.19,1371
2194.19,1366
2194.19,1349
2194.19,1339
2194.19,1386
2194.19,1449
2194.19,1486
2194.26,1506
2194.26,1516
2194.26,1579
2194.26,1654
2194.26,1719
2194.26,1726
2194.26,1707
2194.26,1677
2194.26,1638
2194.26,1587
2194.32,1722
2194.32,1583
2194.32,1443
2194.32,1420
2194.32,1512
2194.32,1607
2194.32,1613
2194.32,1567
2194.32,1571
2194.32,1619
2194.32,1613
2194.39,1513
2194.39,1398
2194.39,1365
2194.39,1446
2194.39,1557
2194.39,1615
2194.39,1674
2194.39,1784
2194.39,1988
2194.39,2261
2194.39,2491
2194.46,2316
2194.46,1745
2194.46,1243
2194.46,969
2194.46,783
2194.46,670
2194.46,669
2194.46,715
2194.46,825
2194.46,1001
2194.46,1213
2194.46,1759
2194.54,2107
2194.54,2202
2194.54,2207
2194.54,2088
2194.54,1975
2194.54,1901
2194.54,1893
2194.54,1946
2194.54,1975
2194.54,1979
2194.6,1961
2194.6,1960
2194.6,1987
2194.6,2027
2194.6,2025
2194.6,1878
2194.6,1660
2194.6,1623
2194.6,1895
2194.6,2227
2194.6,2220
2194.67,1813
2194.67,1401
2194.67,1307
2194.67,1503
2194.67,1662
2194.67,1647
2194.67,1617
2194.67,1685
2194.67,1723
2194.67,1676
2194.67,1715
2194.74,1861
2194.74,1958
2194.74,1913
2194.74,1747
2194.74,1631
2194.74,1644
2194.74,1743
2194.74,1829
2194.74,1781
2194.74,1623
2194.8,2031
2194.8,2011
2194.8,1933
2194.8,1853
2194.8,1839
2194.8,1817
2194.8,1807
2194.8,1851
2194.8,1967
2194.8,2063
2194.8,2071
2194.87,2005
2194.87,1983
2194.87,2057
2194.87,2117
2194.87,2121
2194.87,2119
2194.87,2075
2194.87,1973
2194.87,1899
2194.87,1949
2194.87,2087
2194.94,2153
2194.94,2041
2194.94,1821
2194.94,1663
2194.94,1565
2194.94,1526
2194.94,1559
2194.94,1647
2194.94,1775
2194.94,1913
2195.01,2300
2195.01,2322
2195.01,2245
2195.01,2111
2195.01,1851
2195.01,1613
2195.01,1627
2195.01,1897
2195.01,2189
2195.01,2327
2195.08,2263
2195.08,2095
2195.08,2041
2195.08,2103
2195.08,1775
2195.08,1247
2195.08,1111
2195.08,1257
2195.08,1419
2195.08,1578
2195.08,1765
2195.15,1955
2195.15,2085
2195.15,2137
2195.15,2185
2195.15,2217
2195.15,2129
2195.15,1959
2195.15,1816
2195.15,1775
2195.15,1800
2195.15,1869
2195.21,1927
2195.21,1919
2195.21,1867
2195.21,1779
2195.21,1683
2195.21,1639
2195.21,1580
2195.21,1547
2195.21,1497
2195.21,1478
2195.28,1635
2195.28,1721
2195.28,1801
2195.28,1815
2195.28,1848
2195.28,1903
2195.28,1977
2195.28,1993
2195.28,2031
2195.28,2109
2195.28,2163
2195.35,2143
2195.35,2089
2195.35,2068
2195.35,2107
2195.35,2135
2195.35,2125
2195.35,2095
2195.35,2135
2195.35,2139
2195.35,2095
2195.35,2038
2195.41,2031
2195.41,2059
2195.41,2067
2195.41,2043
2195.41,2027
2195.41,2019
2195.41,2041
2195.41,2093
2195.41,2093
2195.41,1955
2195.49,2807
2195.49,2223
2195.49,1440
2195.49,975
2195.49,909
2195.49,1102
2195.49,1339
2195.49,1437
2195.49,1431
2195.49,1407
2195.49,1423
2195.55,1542
2195.55,1741
2195.55,1945
2195.55,2023
2195.55,1980
2195.55,1916
2195.55,1831
2195.55,1791
2195.55,1897
2195.55,2004
2195.62,2004
2195.62,1979
2195.62,2042
2195.62,2159
2195.62,2195
2195.62,2168
2195.62,2058
2195.62,1971
2195.62,1991
2195.62,2041
2195.62,2059
2195.69,2031
2195.69,2003
2195.69,1927
2195.69,1886
2195.69,1955
2195.69,2011
2195.69,2031
2195.69,2057
2195.69,2077
2195.69,2071
2195.69,2009
2195.75,2104
2195.75,2135
2195.75,2121
2195.75,2085
2195.75,2045
2195.75,2043
2195.75,2123
2195.75,2165
2195.75,2164
2195.75,2185
2195.82,2175
2195.82,2123
2195.82,2055
2195.82,1997
2195.82,1988
2195.82,1967
2195.82,1951
2195.82,1895
2195.82,1815
2195.82,1811
2195.82,1833
2195.89,1811
2195.89,1765
2195.89,1769
2195.89,1821
2195.89,1867
2195.89,1851
2195.89,1817
2195.89,1767
2195.89,1715
2195.89,1705
2195.89,2041
2195.97,1935
2195.97,1943
2195.97,1915
2195.97,1871
2195.97,1851
2195.97,1874
2195.97,1897
2195.97,1863
2195.97,1817
2195.97,1799
2196.03,1835
2196.03,1853
2196.03,1821
2196.03,1803
2196.03,1813
2196.03,1840
2196.03,1883
2196.03,1901
2196.03,1925
2196.03,2011
2196.03,2182
2196.1,2443
2196.1,2683
2196.1,2643
2196.1,2065
2196.1,1417
2196.1,1078
2196.1,1011
2196.1,1099
2196.1,1255
2196.1,1373
2196.1,1437
2196.17,1496
2196.17,1588
2196.17,1707
2196.17,1807
2196.17,1821
2196.17,1789
2196.17,1805
2196.17,1867
2196.17,1919
2196.17,1928
2196.23,1883
2196.23,1901
2196.23,1917
2196.23,1931
2196.23,1946
2196.23,1943
2196.23,1937
2196.23,1951
2196.23,1958
2196.23,1957
2196.23,1977
2196.3,2008
2196.3,2007
2196.3,1992
2196.3,1981
2196.3,2009
2196.3,2029
2196.3,2030
2196.3,2015
2196.3,2021
2196.3,2041
2196.3,2073
2196.36,2091
2196.36,2091
2196.36,2087
2196.36,2084
2196.36,2087
2196.36,2085
2196.36,2071
2196.36,2059
2196.36,2058
2196.36,1835
2196.44,1784
2196.44,1784
2196.44,1787
2196.44,1803
2196.44,1803
2196.44,1789
2196.44,1800
2196.44,1817
2196.44,1816
2196.44,1787
2196.51,1773
2196.51,1781
2196.51,1802
2196.51,1820
2196.51,1810
2196.51,1803
2196.51,1815
2196.51,1850
2196.51,1885
2196.51,1882
2196.51,1870
2196.58,1879
2196.58,1897
2196.58,1875
2196.58,1833
2196.58,1821
2196.58,1823
2196.58,1835
2196.58,1817
2196.58,1773
2196.58,1775
2196.58,1811
2196.64,1847
2196.64,1878
2196.64,1893
2196.64,1891
2196.64,1875
2196.64,1855
2196.64,1833
2196.64,1767
2196.64,1708
2196.64,1687
2196.71,2175
2196.71,2534
2196.71,2719
2196.71,2331
2196.71,1625
2196.71,1113
2196.71,926
2196.71,963
2196.71,1095
2196.71,1196
2196.71,1231
2196.78,1269
2196.78,1368
2196.78,1519
2196.78,1657
2196.78,1749
2196.78,1799
2196.78,1817
2196.78,1813
2196.78,1767
2196.78,1721
2196.78,1710
2196.84,1702
2196.84,1658
2196.84,1577
2196.84,1515
2196.84,1509
2196.84,1525
2196.84,1563
2196.84,1567
2196.84,1557
2196.84,1507
2196.84,1736
2196.92,1644
2196.92,1621
2196.92,1628
2196.92,1647
2196.92,1635
2196.92,1599
2196.92,1593
2196.92,1622
2196.92,1643
2196.92,1635
2196.99,1635
2196.99,1651
2196.99,1687
2196.99,1718
2196.99,1708
2196.99,1709
2196.99,1757
2196.99,1827
2196.99,1902
2196.99,1973
2196.99,2007
2197.05,2025
2197.05,2042
2197.05,2058
2197.05,2029
2197.05,2017
2197.05,2035
2197.05,2073
2197.05,2101
2197.05,2089
2197.05,2065
2197.05,2035
2197.12,2072
2197.12,2300
2197.12,2489
2197.12,2519
2197.12,2457
2197.12,2373
2197.12,2351
2197.12,2363
2197.12,2358
2197.12,2351
2197.19,2319
2197.19,2299
2197.19,2303
2197.19,2328
2197.19,2316
2197.19,2287
2197.19,2282
2197.19,2283
2197.19,2283
2197.19,2261
2197.19,2207
2197.25,2165
2197.25,2131
2197.25,2104
2197.25,2053
2197.25,1988
2197.25,1949
2197.25,1948
2197.25,1962
2197.25,1947
2197.25,1907
2197.25,1867
2197.32,1837
2197.32,1821
2197.32,1796
2197.32,1751
2197.32,1720
2197.32,1693
2197.32,1683
2197.32,1674
2197.32,1655
2197.32,0
2197.33,0
2197.34,0
2197.34,0
2197.35,0
2197.35,0
2197.35,0
2197.36,0
2197.36,0
2197.37,0
2197.37,0
2197.37,0
2197.38,0
2197.38,0
2197.39,0
2197.39,0
2197.39,0
2197.4,0
2197.4,0
2197.41,0
2197.41,0
2197.41,0
2197.42,0
2197.42,0
2197.43,0
2197.43,0
2197.43,0
2197.44,0
2197.44,0
2197.45,0
2197.45,0
2197.45,0
2197.46,0
2197.46,0
2197.47,0
2197.47,0
2197.47,0
2197.48,0
2197.48,0
2197.49,0
2197.49,0
2197.49,0
2197.5,0
2197.54,693
2197.54,0
2197.54,0
2197.55,0
2197.55,0
2197.55,0
2197.56,0
2197.56,0
2197.57,0
2197.57,0
2197.57,0
2197.58,0
2197.58,0
2197.59,0
2197.59,0
2197.59,0
2197.6,0
2197.6,0
2197.61,0
2197.61,0
2197.61,0
2197.68,639
2197.68,1689
2197.68,2140
2197.68,2102
2197.68,1959
2197.68,1895
2197.68,1847
2197.68,1805
2197.68,1803
2197.68,1883
2197.75,1881
2197.75,1646
2197.75,983
2197.75,886
2197.75,1017
2197.75,1051
2197.75,1750
2197.75,2632
2197.75,2583
2197.75,0
2197.75,0
2197.75,0
2197.75,0
2197.75,0
2197.76,0
2197.76,0
2197.76,0
2197.76,0
2197.76,0
2197.77,0
2197.77,0
2197.77,0
2197.78,0
2197.78,0
2197.79,0
2197.79,0
2197.79,0
2197.86,292
2197.86,1397
2197.86,2075
2197.86,2127
2197.86,1943
2197.86,1811
2197.86,1787
2197.86,1819
2197.86,1847
2197.86,1865
2197.93,1853
2197.93,1848
2197.93,1843
2197.93,1839
2197.93,1843
2197.93,1847
2197.93,1849
2197.93,1849
2197.93,1848
2197.93,1845
2197.93,1843
2197.99,1843
2197.99,1845
2197.99,1847
2197.99,1845
2197.99,1849
2197.99,0
2197.99,0
2197.99,0
2197.99,0
2197.99,0
2197.99,0
2197.99,0
2197.99,253
2197.99,1405
2198.06,2205
2198.06,2323
2198.06,1893
2198.06,1368
2198.06,1341
2198.06,1107
2198.06,637
2198.06,2535
2198.06,3382
2198.06,2774
2198.06,2075
2198.13,539
2198.13,0
2198.13,1236
2198.13,600
2198.13,0
2198.13,0
2198.13,0
2198.13,0
2198.13,0
2198.13,0
2198.13,0
2198.13,0
2198.13,0
2198.13,0
2198.13,0
2198.13,0
2198.13,0
2198.13,0
2198.13,0
2198.13,0
2198.15,0
2198.15,0
2198.15,0
2198.15,0
2198.15,0
2198.15,0
2198.15,0
2198.15,0
2198.16,0
2198.16,0
2198.17,0
2198.17,0
2198.17,0
2198.18,0
2198.18,0
2198.19,0
2198.19,0
2198.19,0
2198.2,0
2198.2,0
2198.21,0
2198.21,0
2198.21,0
2198.22,0
2198.22,0
2198.23,0
2198.23,0
2198.23,0
2198.24,0
2198.24,0
2198.25,0
2198.25,0
2198.25,0
2198.26,0
2198.26,0
2198.27,0
2198.27,0
2198.27,0
2198.28,0
2198.28,0
2198.29,0
2198.29,0
2198.29,0
2198.3,0
2198.33,0
2198.34,0
2198.34,0
2198.35,0
2198.35,0
2198.35,0
2198.36,0
2198.36,0
2198.37,0
2198.37,0
2198.37,0
2198.38,0
2198.38,0
2198.39,0
2198.39,0
2198.39,0
2198.4,0
2198.4,0
2198.41,0
2198.41,0
2198.41,0
2198.42,0
2198.42,0
2198.43,0
2198.43,0
2198.43,0
2198.44,0
2198.44,0
2198.45,0
2198.45,0
2198.45,0
2198.46,0
2198.46,0
2198.47,0
2198.47,0
2198.47,0
2198.48,0
2198.48,0
2198.49,0
2198.49,0
2198.49,0
2198.5,0
2198.53,0
2198.54,0
2198.54,0
2198.55,0
2198.55,0
2198.55,0
2198.56,0
2198.56,0
2198.57,0
2198.57,0
2198.57,0
2198.58,0
2198.58,0
2198.59,0
2198.59,0
2198.59,0
2198.6,0
2198.6,0
2198.61,0
2198.61,0
2198.61,0
2198.62,0
2198.62,0
2198.63,0
2198.63,0
2198.63,0
2198.64,0
2198.64,0
2198.65,0
2198.65,0
2198.65,0
2198.66,0
2198.66,0
2198.67,0
2198.67,0
2198.67,0
2198.68,0
2198.68,0
2198.69,0
2198.69,0
2198.69,0
2198.7,0
2198.73,0
2198.74,0
2198.74,0
2198.75,0
2198.75,0
2198.75,0
2198.76,0
2198.76,0
2198.77,0
2198.77,0
2198.77,0
2198.78,0
2198.78,0
2198.79,0
2198.79,0
2198.79,0
2198.8,0
2198.8,0
2198.81,0
2198.81,0
2198.81,0
2198.82,0
2198.82,0
2198.83,0
2198.83,0
2198.83,0
2198.84,0
2198.84,0
2198.85,0
2198.85,0
2198.85,0
2198.86,0
2198.86,0
2198.87,0
2198.87,0
2198.87,0
2198.88,0
2198.88,0
2198.89,0
2198.89,0
2198.89,0
2198.9,0
2198.93,0
2198.94,0
2198.94,0
2198.95,0
2198.95,0
2198.95,0
2198.96,0
2198.96,0
2198.97,0
2198.97,0
2198.97,0
2198.98,0
2198.98,0
2198.99,0
2198.99,0
2198.99,0
2199,0
2199,0
2199.01,0
2199.01,0
2199.01,0
2199.02,0
2199.02,0
2199.03,0
2199.03,0
2199.03,0
2199.04,0
2199.04,0
2199.05,0
2199.05,0
2199.05,0
2199.06,0
2199.06,0
2199.07,0
2199.07,0
2199.07,0
2199.08,0
2199.08,0
2199.09,0
2199.09,0
2199.09,0
2199.1,0
2199.13,0
2199.14,0
2199.14,0
2199.15,0
2199.15,0
2199.15,0
2199.16,0
2199.16,0
2199.17,0
2199.17,0
2199.17,0
2199.18,0
2199.18,0
2199.19,0
2199.19,0
2199.19,0
2199.2,0
2199.2,0
2199.21,0
2199.21,0
2199.21,0
2199.22,0
2199.22,0
2199.23,0
2199.23,0
2199.23,0
2199.24,0
2199.24,0
2199.25,0
2199.25,0
2199.25,0
2199.26,0
2199.26,0
2199.27,0
2199.27,0
2199.27,0
2199.28,0
2199.28,0
2199.29,0
2199.29,0
2199.29,0
2199.3,0
2199.33,0
2199.34,0
2199.34,0
2199.35,0
2199.35,0
2199.35,0
2199.36,0
2199.36,0
2199.37,0
2199.37,0
2199.37,0
2199.38,0
2199.38,0
2199.39,0
2199.39,0
2199.39,0
2199.4,0
2199.4,0
2199.41,0
2199.41,0
2199.41,0
2199.42,0
2199.42,0
2199.43,0
2199.43,0
2199.43,0
2199.44,0
2199.44,0
2199.45,0
2199.45,0
2199.45,0
2199.46,0
2199.46,0
2199.47,0
2199.47,0
2199.47,0
2199.48,0
2199.48,0
2199.49,0
2199.49,0
2199.49,0
2199.5,0
2199.53,0
2199.54,0
2199.54,0
2199.55,0
2199.55,0
2199.55,0
2199.56,0
2199.56,0
2199.57,0
2199.57,0
2199.57,0
2199.58,0
2199.58,0
2199.59,0
2199.59,0
2199.59,0
2199.6,0
2199.6,0
2199.61,0
2199.61,0
2199.61,0
2199.62,0
2199.62,0
2199.63,0
2199.63,0
2199.63,0
2199.64,0
2199.64,0
2199.65,0
2199.65,0
2199.65,0
2199.66,0
2199.66,0
2199.67,0
2199.67,0
2199.67,0
2199.68,0
2199.68,0
2199.69,0
2199.69,0
2199.69,0
2199.7,0
2199.73,0
2199.74,0
2199.74,0
2199.75,0
2199.75,0
2199.75,0
2199.76,0
2199.76,0
2199.77,0
2199.77,0
2199.77,0
2199.78,0
2199.78,0
2199.79,0
2199.79,0
2199.79,0
2199.8,0
2199.8,0
2199.81,0
2199.81,0
2199.81,0
2199.82,0
2199.82,0
2199.83,0
2199.83,0
2199.83,0
2199.84,0
2199.84,0
2199.85,0
2199.85,0
2199.85,0
2199.86,0
2199.86,0
2199.87,0
2199.87,0
2199.87,0
2199.88,0
2199.88,0
2199.89,0
2199.89,0
2199.89,0
2199.9,0
2199.93,0
2199.94,0
2199.94,0
2199.95,0
2199.95,0
2199.95,0
2199.96,0
2199.96,0
2199.97,0
2199.97,0
2199.97,0
2199.98,0
2199.98,0
2199.99,0
2199.99,0
2199.99,0
2200,0
2200,0
2200.01,0
2200.01,0
2200.01,0
2200.02,0
2200.02,0
2200.03,0
2200.03,0
2200.03,0
2200.04,0
2200.04,0
2200.05,0
2200.05,0
2200.05,0
2200.06,0
2200.06,0
2200.07,0
2200.07,0
2200.07,0
2200.08,0
2200.08,0
2200.09,0
2200.09,0
2200.09,0
2200.1,0
2200.13,0
2200.14,0
2200.14,0
2200.15,0
2200.15,0
2200.15,0
2200.16,0
2200.16,0
2200.17,0
2200.17,0
2200.17,0
2200.18,0
2200.18,0
2200.19,0
2200.19,0
2200.19,0
2200.2,0
2200.2,0
2200.21,0
2200.21,0
2200.21,0
2200.22,0
2200.22,0
2200.23,0
2200.23,0
2200.23,0
2200.24,0
2200.24,0
2200.25,0
2200.25,0
2200.25,0
2200.26,0
2200.26,0
2200.27,0
2200.27,0
2200.27,0
2200.28,0
2200.28,0
2200.29,0
2200.29,0
2200.29,0
2200.3,0
2200.33,0
2200.34,0
2200.34,0
2200.35,0
2200.35,0
2200.35,0
2200.36,0
2200.36,0
2200.37,0
2200.37,0
2200.37,0
2200.38,0
2200.38,0
2200.39,0
2200.39,0
2200.39,0
2200.4,0
2200.4,0
2200.41,0
2200.41,0
2200.41,0
2200.42,0
2200.42,0
2200.43,0
2200.43,0
2200.43,0
2200.44,0
2200.44,0
2200.45,0
2200.45,0
2200.45,0
2200.46,0
2200.46,0
2200.47,0
2200.47,0
2200.47,0
2200.48,0
2200.48,0
2200.49,0
2200.49,0
2200.49,0
2200.5,0
2200.53,0
2200.54,0
2200.54,0
2200.55,0
2200.55,0
2200.55,0
2200.56,0
2200.56,0
2200.57,0
2200.57,0
2200.57,0
2200.58,0
2200.58,0
2200.59,0
2200.59,0
2200.59,0
2200.6,0
2200.6,0
2200.61,0
2200.61,0
2200.61,0
2200.62,0
2200.62,0
2200.63,0
2200.63,0
2200.63,0
2200.64,0
2200.64,0
2200.65,0
2200.65,0
2200.65,0
2200.66,0
2200.66,0
2200.67,0
2200.67,0
2200.67,0
2200.68,0
2200.68,0
2200.69,0
2200.69,0
2200.69,0
2200.7,0
2200.73,0
2200.74,0
2200.74,0
2200.75,0
2200.75,0
2200.75,0
2200.76,0
2200.76,0
2200.77,0
2200.77,0
2200.77,0
2200.78,0
2200.78,0
2200.79,0
2200.79,0
2200.79,0
2200.8,0
2200.8,0
2200.81,0
2200.81,0
2200.81,0
2200.82,0
2200.82,0
2200.83,0
2200.83,0
2200.83,0
2200.84,0
2200.84,0
2200.85,0
2200.85,0
2200.85,0
2200.86,0
2200.86,0
2200.87,0
2200.87,0
2200.87,0
2200.88,0
2200.88,0
2200.89,0
2200.89,0
2200.89,0
2200.9,0
2200.93,0
2200.94,0
2200.94,0
2200.95,0
2200.95,0
2200.95,0
2200.96,0
2200.96,0
2200.97,0
2200.97,0
2200.97,0
2200.98,0
2200.98,0
2200.99,0
2200.99,0
2200.99,0
2201,0
2201,0
2201.01,0
2201.01,0
2201.01,0
2201.02,0
2201.02,0
2201.03,0
2201.03,0
2201.03,0
2201.04,0
2201.04,0
2201.05,0
2201.05,0
2201.05,0
2201.06,0
2201.06,0
2201.07,0
2201.07,0
2201.07,0
2201.08,0
2201.08,0
2201.09,0
2201.09,0
2201.09,0
2201.1,0
2201.13,0
2201.14,0
2201.14,0
2201.15,0
2201.15,0
2201.15,0
2201.16,0
2201.16,0
2201.17,0
2201.17,0
2201.17,0
2201.18,0
2201.18,0
2201.19,0
2201.19,0
2201.19,0
2201.2,0
2201.2,0
2201.21,0
2201.21,0
2201.21,0
2201.22,0
2201.22,0
2201.23,0
2201.23,0
2201.23,0
2201.24,0
2201.24,0
2201.25,0
2201.25,0
2201.25,0
2201.26,0
2201.26,0
2201.27,0
2201.27,0
2201.27,0
2201.28,0
2201.28,0
2201.29,0
2201.29,0
2201.29,0
2201.3,0
2201.33,0
2201.34,0
2201.34,0
2201.35,0
2201.35,0
2201.35,0
2201.36,0
2201.36,0
2201.37,0
2201.37,0
2201.37,0
2201.38,0
2201.38,0
2201.39,0
2201.39,0
2201.39,0
2201.4,0
2201.4,0
2201.41,0
2201.41,0
2201.41,0
2201.42,0
2201.42,0
2201.43,0
2201.43,0
2201.43,0
2201.44,0
2201.44,0
2201.45,0
2201.45,0
2201.45,0
2201.46,0
2201.46,0
2201.47,0
2201.47,0
2201.47,0
2201.48,0
2201.48,0
2201.49,0
2201.49,0
2201.49,0
2201.5,0
2201.53,0
2201.54,0
2201.54,0
2201.55,0
2201.55,0
2201.55,0
2201.56,0
2201.56,0
2201.57,0
2201.57,0
2201.57,0
2201.58,0
2201.58,0
2201.59,0
2201.59,0
2201.59,0
2201.6,0
2201.6,0
2201.61,0
2201.61,0
2201.61,0
2201.62,0
2201.62,0
2201.63,0
2201.63,0
2201.63,0
2201.64,0
2201.64,0
2201.65,0
2201.65,0
2201.65,0
2201.66,0
2201.66,0
2201.67,0
2201.67,0
2201.67,0
2201.68,0
2201.68,0
2201.69,0
2201.69,0
2201.69,0
2201.7,0
2201.73,0
2201.74,0
2201.74,0
2201.75,0
2201.75,0
2201.75,0
2201.76,0
2201.76,0
2201.77,0
2201.77,0
2201.77,0
2201.78,0
2201.78,0
2201.79,0
2201.79,0
2201.79,0
2201.8,0
2201.8,0
2201.81,0
2201.81,0
2201.81,0
2201.82,0
2201.82,0
2201.83,0
2201.83,0
2201.83,0
2201.84,0
2201.84,0
2201.85,0
2201.85,0
2201.85,0
2201.86,0
2201.86,0
2201.87,0
2201.87,0
2201.87,0
2201.88,0
2201.88,0
2201.89,0
2201.89,0
2201.89,0
2201.9,0
2201.93,0
2201.94,0
2201.94,0
2201.95,0
2201.95,0
2201.95,0
2201.96,0
2201.96,0
2201.97,0
2201.97,0
2201.97,0
2201.98,0
2201.98,0
2201.99,0
2201.99,0
2201.99,0
2202,0
2202,0
2202.01,0
2202.01,0
2202.01,0
2202.02,0
2202.02,0
2202.03,0
2202.03,0
2202.03,0
2202.04,0
2202.04,0
2202.05,0
2202.05,0
2202.05,0
2202.06,0
2202.06,0
2202.07,0
2202.07,0
2202.07,0
2202.08,0
2202.08,0
2202.09,0
2202.09,0
2202.09,0
2202.1,0
2202.13,0
2202.14,0
2202.14,0
2202.15,0
2202.15,0
2202.15,0
2202.16,0
2202.16,0
2202.17,0
2202.17,0
2202.17,0
2202.18,0
2202.18,0
2202.19,0
2202.19,0
2202.19,0
2202.2,0
2202.2,0
2202.21,0
2202.21,0
2202.21,0
2202.22,0
2202.22,0
2202.23,0
2202.23,0
2202.23,0
2202.24,0
2202.24,0
2202.25,0
2202.25,0
2202.25,0
2202.26,0
2202.26,0
2202.27,0
2202.27,0
2202.27,0
2202.28,0
2202.28,0
2202.29,0
2202.29,0
2202.29,0
2202.3,0
2202.33,0
2202.34,0
2202.34,0
2202.35,0
2202.35,0
2202.35,0
2202.36,0
2202.36,0
2202.37,0
2202.37,0
2202.37,0
2202.38,0
2202.38,0
2202.39,0
2202.39,0
2202.39,0
2202.4,0
2202.4,0
2202.41,0
2202.41,0
2202.41,0
2202.42,0
2202.42,0
2202.43,0
2202.43,0
2202.43,0
2202.44,0
2202.44,0
2202.45,0
2202.45,0
2202.45,0
2202.46,0
2202.46,0
2202.47,0
2202.47,0
2202.47,0
2202.48,0
2202.48,0
2202.49,0
2202.49,0
2202.49,0
2202.5,0
2202.53,0
2202.54,0
2202.54,0
2202.55,0
2202.55,0
2202.55,0
2202.56,0
2202.56,0
2202.57,0
2202.57,0
2202.57,0
2202.58,0
2202.58,0
2202.59,0
2202.59,0
2202.59,0
2202.6,0
2202.6,0
2202.61,0
2202.61,0
2202.61,0
2202.62,0
2202.62,0
2202.63,0
2202.63,0
2202.63,0
2202.64,0
2202.64,0
2202.65,0
2202.65,0
2202.65,0
2202.66,0
2202.66,0
2202.67,0
2202.67,0
2202.67,0
2202.68,0
2202.68,0
2202.69,0
2202.69,0
2202.69,0
2202.7,0
2202.73,0
2202.74,0
2202.74,0
2202.75,0
2202.75,0
2202.75,0
2202.76,0
2202.76,0
2202.77,0
2202.77,0
2202.77,0
2202.78,0
2202.78,0
2202.79,0
2202.79,0
2202.79,0
2202.8,0
2202.8,0
2202.81,0
2202.81,0
2202.81,0
2202.82,0
2202.82,0
2202.83,0
2202.83,0
2202.83,0
2202.84,0
2202.84,0
2202.85,0
2202.85,0
2202.85,0
2202.86,0
2202.86,0
2202.86,0
2202.87,0
2202.87,0
2202.88,0
2202.88,0
2202.89,0
2202.89,0
2202.89,0
2202.9,0
2202.93,0
2202.94,0
2202.94,0
2202.95,0
2202.95,0
2202.95,0
2202.96,0
2202.96,0
2202.97,0
2202.97,0
2202.97,0
2202.98,0
2202.98,0
2202.99,0
2202.99,0
2202.99,0
2203,0
2203,0
2203.01,0
2203.01,0
2203.01,0
2203.02,0
2203.02,0
2203.03,0
2203.03,0
2203.03,0
2203.04,0
2203.04,0
2203.05,0
2203.05,0
2203.05,0
2203.06,0
2203.06,0
2203.07,0
2203.07,0
2203.07,0
2203.08,0
2203.08,0
2203.09,0
2203.09,0
2203.09,0
2203.1,0
2203.13,0
2203.14,0
2203.14,0
2203.15,0
2203.15,0
2203.15,0
2203.16,0
2203.16,0
2203.17,0
2203.17,0
2203.17,0
2203.18,0
